{"cameraMode":{"drawMode":0,"name":"Shaded","section":"Shading Mode"},"sceneLighting":true,"audioPlay":false,"sceneViewState":{"m_AlwaysRefresh":false,"showFog":true,"showSkybox":true,"showFlares":true,"showImageEffects":true,"showParticleSystems":true,"showVisualEffectGraphs":true,"m_FxEnabled":true},"in2DMode":false,"pivot":{"x":2.941925048828125,"y":0.994033932685852,"z":11.0250883102417},"rotation":{"x":0.011985029093921185,"y":-0.049476251006126407,"z":0.0005937407840974629,"w":0.9987038969993591},"size":12.171624183654786,"orthographic":false}